Phone Number,Predictions,0.0,1.0
2175,0.0,0.9777777777777777,0.022222222222222223
3346,0.0,0.9444444444444444,0.05555555555555555
2342,0.0,0.9555555555555556,0.044444444444444446
3171,0.0,0.9111111111111111,0.08888888888888889
4449,0.0,0.9333333333333333,0.06666666666666667
26,0.0,0.6777777777777778,0.32222222222222224
3151,1.0,0.23333333333333334,0.7666666666666667
757,0.0,0.7333333333333333,0.26666666666666666
4547,0.0,0.7888888888888889,0.2111111111111111
1232,0.0,0.9333333333333333,0.06666666666666667
4323,0.0,0.9222222222222223,0.07777777777777778
4856,0.0,0.8888888888888888,0.1111111111111111
3484,0.0,0.8777777777777778,0.12222222222222222
2208,0.0,0.9777777777777777,0.022222222222222223
1566,0.0,0.9777777777777777,0.022222222222222223
728,0.0,0.9777777777777777,0.022222222222222223
3572,0.0,0.9444444444444444,0.05555555555555555
2453,0.0,0.9666666666666667,0.03333333333333333
2976,0.0,0.9333333333333333,0.06666666666666667
2711,0.0,0.9444444444444444,0.05555555555555555
3292,0.0,0.9333333333333333,0.06666666666666667
1099,0.0,0.9444444444444444,0.05555555555555555
2269,0.0,0.9444444444444444,0.05555555555555555
4696,0.0,0.9,0.1
648,0.0,0.9444444444444444,0.05555555555555555
31,0.0,0.9555555555555556,0.044444444444444446
2438,0.0,0.9888888888888889,0.011111111111111112
1777,0.0,0.9666666666666667,0.03333333333333333
18,0.0,0.9888888888888889,0.011111111111111112
4028,0.0,0.7777777777777778,0.2222222222222222
3,0.0,0.8444444444444444,0.15555555555555556
770,0.0,1.0,0.0
4477,0.0,0.9777777777777777,0.022222222222222223
3781,0.0,0.9888888888888889,0.011111111111111112
804,0.0,0.9555555555555556,0.044444444444444446
3789,0.0,0.8888888888888888,0.1111111111111111
4566,0.0,0.9333333333333333,0.06666666666666667
1025,0.0,0.9333333333333333,0.06666666666666667
4119,0.0,1.0,0.0
2887,0.0,0.7444444444444445,0.25555555555555554
2591,0.0,0.7888888888888889,0.2111111111111111
4085,0.0,0.9777777777777777,0.022222222222222223
3104,0.0,0.8777777777777778,0.12222222222222222
2129,0.0,1.0,0.0
1912,0.0,0.9111111111111111,0.08888888888888889
412,0.0,0.9555555555555556,0.044444444444444446
2377,0.0,0.9222222222222223,0.07777777777777778
1387,0.0,0.9333333333333333,0.06666666666666667
689,0.0,0.9666666666666667,0.03333333333333333
4365,0.0,0.9888888888888889,0.011111111111111112
2927,0.0,0.5777777777777777,0.4222222222222222
3240,1.0,0.17777777777777778,0.8222222222222222
3843,0.0,0.5111111111111111,0.4888888888888889
352,0.0,0.9666666666666667,0.03333333333333333
2193,0.0,0.9666666666666667,0.03333333333333333
2374,0.0,0.9555555555555556,0.044444444444444446
1868,1.0,0.07777777777777778,0.9222222222222223
4159,1.0,0.1,0.9
3512,0.0,1.0,0.0
985,0.0,0.9888888888888889,0.011111111111111112
2566,0.0,0.9555555555555556,0.044444444444444446
929,0.0,0.9222222222222223,0.07777777777777778
4740,0.0,0.9666666666666667,0.03333333333333333
4852,0.0,0.9111111111111111,0.08888888888888889
705,0.0,1.0,0.0
383,0.0,0.9555555555555556,0.044444444444444446
294,0.0,1.0,0.0
612,0.0,0.8888888888888888,0.1111111111111111
303,0.0,0.9333333333333333,0.06666666666666667
2186,0.0,0.9,0.1
1709,0.0,0.7111111111111111,0.28888888888888886
3042,0.0,0.9555555555555556,0.044444444444444446
2489,0.0,0.8444444444444444,0.15555555555555556
4113,0.0,0.8333333333333334,0.16666666666666666
2067,0.0,0.9777777777777777,0.022222222222222223
525,0.0,1.0,0.0
682,0.0,0.8888888888888888,0.1111111111111111
4328,0.0,1.0,0.0
835,0.0,0.9,0.1
2946,0.0,1.0,0.0
68,0.0,0.9444444444444444,0.05555555555555555
1042,0.0,0.8555555555555555,0.14444444444444443
4739,0.0,0.9111111111111111,0.08888888888888889
1429,0.0,1.0,0.0
2224,0.0,0.9222222222222223,0.07777777777777778
4876,0.0,0.8888888888888888,0.1111111111111111
3306,0.0,0.8555555555555555,0.14444444444444443
1871,0.0,1.0,0.0
1037,0.0,0.8555555555555555,0.14444444444444443
2366,0.0,1.0,0.0
3831,0.0,0.9222222222222223,0.07777777777777778
3720,0.0,0.9333333333333333,0.06666666666666667
4345,0.0,0.9333333333333333,0.06666666666666667
1007,1.0,0.23333333333333334,0.7666666666666667
1636,0.0,0.8333333333333334,0.16666666666666666
1126,0.0,0.9,0.1
3813,0.0,0.9222222222222223,0.07777777777777778
1576,0.0,0.7666666666666667,0.23333333333333334
2227,0.0,0.8777777777777778,0.12222222222222222
1484,0.0,0.9,0.1
4681,0.0,1.0,0.0
2610,1.0,0.25555555555555554,0.7444444444444445
3389,0.0,0.9333333333333333,0.06666666666666667
4946,0.0,1.0,0.0
2014,0.0,0.9666666666666667,0.03333333333333333
249,0.0,0.8888888888888888,0.1111111111111111
4577,0.0,0.9888888888888889,0.011111111111111112
288,0.0,0.9666666666666667,0.03333333333333333
1311,0.0,0.9666666666666667,0.03333333333333333
4095,1.0,0.37777777777777777,0.6222222222222222
2807,0.0,0.8,0.2
3531,0.0,0.7444444444444445,0.25555555555555554
4333,0.0,0.9333333333333333,0.06666666666666667
1261,0.0,0.9888888888888889,0.011111111111111112
3329,0.0,0.9888888888888889,0.011111111111111112
2944,0.0,0.7222222222222222,0.2777777777777778
3263,0.0,0.9222222222222223,0.07777777777777778
4801,0.0,0.9888888888888889,0.011111111111111112
832,0.0,0.8888888888888888,0.1111111111111111
462,0.0,0.9666666666666667,0.03333333333333333
3153,0.0,0.8555555555555555,0.14444444444444443
1331,0.0,0.9777777777777777,0.022222222222222223
4076,0.0,0.8777777777777778,0.12222222222222222
524,0.0,0.8666666666666667,0.13333333333333333
3441,0.0,0.9555555555555556,0.044444444444444446
616,0.0,0.9,0.1
4816,0.0,0.9333333333333333,0.06666666666666667
2911,0.0,0.9111111111111111,0.08888888888888889
3912,0.0,0.7333333333333333,0.26666666666666666
2733,0.0,0.9,0.1
2510,0.0,0.6777777777777778,0.32222222222222224
3940,0.0,0.9888888888888889,0.011111111111111112
2532,0.0,0.7666666666666667,0.23333333333333334
4472,0.0,0.8777777777777778,0.12222222222222222
1206,0.0,0.8777777777777778,0.12222222222222222
3844,0.0,0.8333333333333334,0.16666666666666666
1541,0.0,0.9777777777777777,0.022222222222222223
4905,0.0,0.8111111111111111,0.18888888888888888
46,0.0,0.9333333333333333,0.06666666666666667
672,0.0,0.9888888888888889,0.011111111111111112
248,0.0,0.9888888888888889,0.011111111111111112
1847,0.0,0.9555555555555556,0.044444444444444446
3537,0.0,0.7,0.3
904,0.0,0.9333333333333333,0.06666666666666667
37,0.0,0.9333333333333333,0.06666666666666667
4153,0.0,0.9777777777777777,0.022222222222222223
3068,0.0,0.7333333333333333,0.26666666666666666
2739,0.0,0.9333333333333333,0.06666666666666667
4080,0.0,0.9777777777777777,0.022222222222222223
3387,0.0,0.9333333333333333,0.06666666666666667
4890,0.0,0.9666666666666667,0.03333333333333333
951,0.0,1.0,0.0
2970,0.0,0.8555555555555555,0.14444444444444443
1369,0.0,0.9666666666666667,0.03333333333333333
3438,0.0,0.9333333333333333,0.06666666666666667
1141,0.0,0.9666666666666667,0.03333333333333333
2730,0.0,0.9444444444444444,0.05555555555555555
1640,0.0,0.9444444444444444,0.05555555555555555
2361,0.0,0.9888888888888889,0.011111111111111112
2852,0.0,0.9888888888888889,0.011111111111111112
4998,0.0,0.9888888888888889,0.011111111111111112
1617,0.0,0.9888888888888889,0.011111111111111112
3903,0.0,0.9777777777777777,0.022222222222222223
76,0.0,0.9777777777777777,0.022222222222222223
4505,0.0,0.8555555555555555,0.14444444444444443
4512,0.0,0.8777777777777778,0.12222222222222222
3390,0.0,0.9777777777777777,0.022222222222222223
4348,0.0,0.7666666666666667,0.23333333333333334
396,0.0,0.9,0.1
1746,0.0,0.9222222222222223,0.07777777777777778
749,0.0,0.6222222222222222,0.37777777777777777
3034,0.0,0.9777777777777777,0.022222222222222223
1215,1.0,0.45555555555555555,0.5444444444444444
4572,0.0,1.0,0.0
892,0.0,0.9666666666666667,0.03333333333333333
1762,0.0,0.9777777777777777,0.022222222222222223
3024,0.0,0.9666666666666667,0.03333333333333333
3410,0.0,0.7,0.3
652,1.0,0.05555555555555555,0.9444444444444444
4795,0.0,0.7666666666666667,0.23333333333333334
3259,0.0,0.9444444444444444,0.05555555555555555
921,0.0,0.9333333333333333,0.06666666666666667
4545,0.0,0.8666666666666667,0.13333333333333333
3296,0.0,0.9777777777777777,0.022222222222222223
3327,0.0,0.6888888888888889,0.3111111111111111
470,0.0,0.8777777777777778,0.12222222222222222
1005,0.0,0.9777777777777777,0.022222222222222223
2399,0.0,0.9666666666666667,0.03333333333333333
3128,0.0,0.9777777777777777,0.022222222222222223
580,0.0,1.0,0.0
3934,0.0,0.6111111111111112,0.3888888888888889
3630,0.0,1.0,0.0
2511,0.0,0.5,0.5
3419,1.0,0.05555555555555555,0.9444444444444444
3386,0.0,1.0,0.0
1943,0.0,0.9555555555555556,0.044444444444444446
3894,0.0,0.6444444444444445,0.35555555555555557
4792,0.0,0.9777777777777777,0.022222222222222223
1473,1.0,0.2111111111111111,0.7888888888888889
1965,0.0,0.9777777777777777,0.022222222222222223
2764,0.0,0.9888888888888889,0.011111111111111112
1178,0.0,0.9111111111111111,0.08888888888888889
4179,0.0,0.9333333333333333,0.06666666666666667
2002,0.0,0.7,0.3
526,0.0,0.8888888888888888,0.1111111111111111
1393,0.0,0.8444444444444444,0.15555555555555556
4380,0.0,1.0,0.0
4728,0.0,0.9111111111111111,0.08888888888888889
4152,0.0,0.9,0.1
1875,0.0,0.7222222222222222,0.2777777777777778
4517,0.0,0.9888888888888889,0.011111111111111112
1981,0.0,0.7888888888888889,0.2111111111111111
1927,0.0,0.8666666666666667,0.13333333333333333
331,0.0,0.8888888888888888,0.1111111111111111
2030,0.0,0.9444444444444444,0.05555555555555555
3080,0.0,0.7666666666666667,0.23333333333333334
328,0.0,0.9444444444444444,0.05555555555555555
260,0.0,0.9666666666666667,0.03333333333333333
2573,0.0,0.9666666666666667,0.03333333333333333
3721,0.0,0.9777777777777777,0.022222222222222223
4882,0.0,0.9111111111111111,0.08888888888888889
2388,0.0,0.8111111111111111,0.18888888888888888
520,0.0,0.8777777777777778,0.12222222222222222
2455,0.0,0.9333333333333333,0.06666666666666667
2564,0.0,0.9111111111111111,0.08888888888888889
1639,1.0,0.3888888888888889,0.6111111111111112
4511,0.0,0.9888888888888889,0.011111111111111112
1574,0.0,0.7555555555555555,0.24444444444444444
4587,0.0,0.9444444444444444,0.05555555555555555
4409,1.0,0.2,0.8
3121,0.0,0.9777777777777777,0.022222222222222223
4145,0.0,0.9888888888888889,0.011111111111111112
494,0.0,0.9444444444444444,0.05555555555555555
200,0.0,0.8777777777777778,0.12222222222222222
3397,0.0,1.0,0.0
1265,0.0,0.9888888888888889,0.011111111111111112
4488,0.0,0.9,0.1
2082,0.0,1.0,0.0
368,0.0,0.5111111111111111,0.4888888888888889
1345,0.0,0.6888888888888889,0.3111111111111111
4330,0.0,0.7111111111111111,0.28888888888888886
2285,0.0,1.0,0.0
3640,0.0,0.9666666666666667,0.03333333333333333
1664,0.0,0.8666666666666667,0.13333333333333333
2214,0.0,0.7666666666666667,0.23333333333333334
3873,0.0,0.9222222222222223,0.07777777777777778
3797,0.0,0.9555555555555556,0.044444444444444446
2198,1.0,0.06666666666666667,0.9333333333333333
1117,0.0,0.9777777777777777,0.022222222222222223
1521,0.0,0.8888888888888888,0.1111111111111111
100,0.0,0.9333333333333333,0.06666666666666667
4693,0.0,0.8666666666666667,0.13333333333333333
2492,1.0,0.06666666666666667,0.9333333333333333
2889,0.0,0.8888888888888888,0.1111111111111111
4689,0.0,0.9666666666666667,0.03333333333333333
1624,1.0,0.4444444444444444,0.5555555555555556
4888,0.0,0.9777777777777777,0.022222222222222223
1249,0.0,0.9888888888888889,0.011111111111111112
82,0.0,0.8777777777777778,0.12222222222222222
3892,0.0,0.5222222222222223,0.4777777777777778
4521,0.0,0.9555555555555556,0.044444444444444446
4027,0.0,0.9555555555555556,0.044444444444444446
1364,0.0,0.7777777777777778,0.2222222222222222
1608,0.0,0.9777777777777777,0.022222222222222223
4962,0.0,0.9666666666666667,0.03333333333333333
1725,0.0,0.9222222222222223,0.07777777777777778
3785,1.0,0.2111111111111111,0.7888888888888889
1222,0.0,0.8333333333333334,0.16666666666666666
3177,0.0,0.8333333333333334,0.16666666666666666
449,0.0,0.8666666666666667,0.13333333333333333
4643,0.0,1.0,0.0
124,0.0,1.0,0.0
1451,0.0,0.9666666666666667,0.03333333333333333
4425,1.0,0.17777777777777778,0.8222222222222222
2137,0.0,1.0,0.0
3497,0.0,0.8222222222222222,0.17777777777777778
3517,0.0,0.9888888888888889,0.011111111111111112
1627,0.0,0.9555555555555556,0.044444444444444446
4779,0.0,0.9777777777777777,0.022222222222222223
1756,1.0,0.14444444444444443,0.8555555555555555
2796,0.0,0.6555555555555556,0.34444444444444444
3739,0.0,0.9333333333333333,0.06666666666666667
771,0.0,0.5555555555555556,0.4444444444444444
96,0.0,0.9888888888888889,0.011111111111111112
1441,0.0,0.9555555555555556,0.044444444444444446
1591,0.0,1.0,0.0
2100,0.0,1.0,0.0
739,1.0,0.4666666666666667,0.5333333333333333
2405,0.0,0.9666666666666667,0.03333333333333333
2943,1.0,0.35555555555555557,0.6444444444444445
645,0.0,0.9666666666666667,0.03333333333333333
3653,0.0,0.7111111111111111,0.28888888888888886
2672,0.0,0.9111111111111111,0.08888888888888889
4219,0.0,0.6555555555555556,0.34444444444444444
2282,0.0,0.9444444444444444,0.05555555555555555
2289,0.0,0.9333333333333333,0.06666666666666667
172,0.0,0.7111111111111111,0.28888888888888886
2467,0.0,0.9555555555555556,0.044444444444444446
577,0.0,0.9777777777777777,0.022222222222222223
4862,0.0,0.9222222222222223,0.07777777777777778
1837,0.0,0.9777777777777777,0.022222222222222223
2049,0.0,0.8777777777777778,0.12222222222222222
484,0.0,0.9888888888888889,0.011111111111111112
4608,0.0,0.9777777777777777,0.022222222222222223
2170,0.0,0.9777777777777777,0.022222222222222223
3066,0.0,0.9666666666666667,0.03333333333333333
3836,0.0,0.9666666666666667,0.03333333333333333
781,0.0,0.9333333333333333,0.06666666666666667
323,0.0,0.9666666666666667,0.03333333333333333
1744,0.0,0.8111111111111111,0.18888888888888888
3543,0.0,0.7888888888888889,0.2111111111111111
1626,0.0,0.7666666666666667,0.23333333333333334
3418,1.0,0.2222222222222222,0.7777777777777778
721,0.0,0.9888888888888889,0.011111111111111112
4554,0.0,0.8666666666666667,0.13333333333333333
4074,0.0,0.9555555555555556,0.044444444444444446
1679,0.0,0.9444444444444444,0.05555555555555555
4786,0.0,0.9111111111111111,0.08888888888888889
4837,0.0,0.7666666666666667,0.23333333333333334
2305,0.0,0.7333333333333333,0.26666666666666666
1139,0.0,0.9555555555555556,0.044444444444444446
388,0.0,0.9222222222222223,0.07777777777777778
1686,0.0,0.8111111111111111,0.18888888888888888
848,0.0,0.9777777777777777,0.022222222222222223
1780,0.0,0.9444444444444444,0.05555555555555555
1177,0.0,0.9777777777777777,0.022222222222222223
4744,0.0,0.9666666666666667,0.03333333333333333
1675,0.0,0.9444444444444444,0.05555555555555555
1738,0.0,0.9555555555555556,0.044444444444444446
2886,0.0,1.0,0.0
4723,0.0,0.7888888888888889,0.2111111111111111
4278,0.0,0.8333333333333334,0.16666666666666666
298,0.0,0.7,0.3
4038,0.0,0.9777777777777777,0.022222222222222223
3747,0.0,0.9888888888888889,0.011111111111111112
4077,0.0,1.0,0.0
1148,0.0,0.9777777777777777,0.022222222222222223
120,0.0,0.8,0.2
4546,0.0,0.6222222222222222,0.37777777777777777
1474,0.0,0.8111111111111111,0.18888888888888888
1029,0.0,0.8777777777777778,0.12222222222222222
2706,0.0,1.0,0.0
4431,0.0,0.7666666666666667,0.23333333333333334
1714,0.0,0.9,0.1
513,0.0,0.9777777777777777,0.022222222222222223
4978,0.0,0.9555555555555556,0.044444444444444446
3018,0.0,0.9888888888888889,0.011111111111111112
744,0.0,0.9777777777777777,0.022222222222222223
4411,0.0,0.9777777777777777,0.022222222222222223
477,0.0,0.8777777777777778,0.12222222222222222
1510,0.0,0.9888888888888889,0.011111111111111112
186,0.0,0.9444444444444444,0.05555555555555555
2514,0.0,1.0,0.0
3835,0.0,0.8222222222222222,0.17777777777777778
4154,0.0,0.9111111111111111,0.08888888888888889
3538,0.0,0.8555555555555555,0.14444444444444443
1267,0.0,0.9333333333333333,0.06666666666666667
1257,0.0,0.9555555555555556,0.044444444444444446
4244,0.0,0.9888888888888889,0.011111111111111112
1084,0.0,0.9222222222222223,0.07777777777777778
3345,0.0,0.8666666666666667,0.13333333333333333
3919,0.0,0.9666666666666667,0.03333333333333333
393,1.0,0.3888888888888889,0.6111111111111112
3893,0.0,0.9111111111111111,0.08888888888888889
1637,1.0,0.2111111111111111,0.7888888888888889
717,0.0,1.0,0.0
2925,0.0,0.9888888888888889,0.011111111111111112
4967,1.0,0.3111111111111111,0.6888888888888889
3746,0.0,0.8111111111111111,0.18888888888888888
4427,0.0,0.8888888888888888,0.1111111111111111
2648,0.0,0.9666666666666667,0.03333333333333333
3968,0.0,0.9888888888888889,0.011111111111111112
218,0.0,0.9888888888888889,0.011111111111111112
2092,0.0,0.9888888888888889,0.011111111111111112
1558,0.0,0.9444444444444444,0.05555555555555555
3132,0.0,0.9777777777777777,0.022222222222222223
4730,0.0,0.9,0.1
3194,0.0,0.9555555555555556,0.044444444444444446
933,1.0,0.18888888888888888,0.8111111111111111
4227,0.0,0.9111111111111111,0.08888888888888889
2504,0.0,0.9111111111111111,0.08888888888888889
3683,1.0,0.45555555555555555,0.5444444444444444
4776,0.0,0.9333333333333333,0.06666666666666667
3026,0.0,0.9555555555555556,0.044444444444444446
1120,0.0,0.7666666666666667,0.23333333333333334
2598,0.0,0.9666666666666667,0.03333333333333333
3385,0.0,0.9888888888888889,0.011111111111111112
1160,0.0,0.9888888888888889,0.011111111111111112
502,0.0,0.9666666666666667,0.03333333333333333
1978,0.0,0.6777777777777778,0.32222222222222224
3876,0.0,0.9666666666666667,0.03333333333333333
3203,0.0,1.0,0.0
3769,0.0,0.7111111111111111,0.28888888888888886
3317,0.0,0.8888888888888888,0.1111111111111111
3453,0.0,0.9555555555555556,0.044444444444444446
2676,0.0,0.9888888888888889,0.011111111111111112
3837,0.0,0.9888888888888889,0.011111111111111112
2897,0.0,1.0,0.0
3632,0.0,0.9111111111111111,0.08888888888888889
374,0.0,0.8777777777777778,0.12222222222222222
4858,0.0,0.8333333333333334,0.16666666666666666
4161,0.0,0.9222222222222223,0.07777777777777778
2242,1.0,0.05555555555555555,0.9444444444444444
1151,0.0,0.9888888888888889,0.011111111111111112
761,0.0,0.9888888888888889,0.011111111111111112
4174,0.0,0.9222222222222223,0.07777777777777778
1225,0.0,0.9888888888888889,0.011111111111111112
3522,1.0,0.16666666666666666,0.8333333333333334
407,0.0,0.9333333333333333,0.06666666666666667
4564,0.0,0.9888888888888889,0.011111111111111112
3270,0.0,0.9777777777777777,0.022222222222222223
3564,1.0,0.4,0.6
2194,0.0,1.0,0.0
2353,0.0,0.9777777777777777,0.022222222222222223
4648,1.0,0.34444444444444444,0.6555555555555556
790,0.0,0.6111111111111112,0.3888888888888889
3228,1.0,0.3,0.7
475,0.0,1.0,0.0
964,0.0,0.8666666666666667,0.13333333333333333
1014,0.0,0.9777777777777777,0.022222222222222223
3509,1.0,0.23333333333333334,0.7666666666666667
3767,0.0,0.9,0.1
4346,0.0,0.9444444444444444,0.05555555555555555
3510,0.0,0.9777777777777777,0.022222222222222223
4262,1.0,0.2,0.8
6,0.0,0.9666666666666667,0.03333333333333333
4893,0.0,0.8333333333333334,0.16666666666666666
765,0.0,0.9777777777777777,0.022222222222222223
3098,0.0,0.8111111111111111,0.18888888888888888
3176,1.0,0.32222222222222224,0.6777777777777778
2882,0.0,0.9555555555555556,0.044444444444444446
1118,0.0,0.9666666666666667,0.03333333333333333
2723,1.0,0.35555555555555557,0.6444444444444445
1564,0.0,0.8777777777777778,0.12222222222222222
128,0.0,0.8444444444444444,0.15555555555555556
281,0.0,0.9333333333333333,0.06666666666666667
4947,0.0,0.9444444444444444,0.05555555555555555
4221,0.0,0.9555555555555556,0.044444444444444446
3471,1.0,0.34444444444444444,0.6555555555555556
4021,0.0,0.9444444444444444,0.05555555555555555
4900,0.0,0.9444444444444444,0.05555555555555555
1021,0.0,0.9,0.1
4106,1.0,0.34444444444444444,0.6555555555555556
3155,0.0,0.9888888888888889,0.011111111111111112
4471,0.0,0.9444444444444444,0.05555555555555555
3763,0.0,0.9,0.1
184,0.0,0.8222222222222222,0.17777777777777778
2973,0.0,0.8777777777777778,0.12222222222222222
503,0.0,0.9888888888888889,0.011111111111111112
2344,0.0,0.9444444444444444,0.05555555555555555
2744,0.0,0.9333333333333333,0.06666666666666667
3459,0.0,0.8666666666666667,0.13333333333333333
1044,0.0,0.9888888888888889,0.011111111111111112
253,0.0,0.9888888888888889,0.011111111111111112
234,1.0,0.34444444444444444,0.6555555555555556
3208,0.0,0.9888888888888889,0.011111111111111112
4468,0.0,0.8777777777777778,0.12222222222222222
576,0.0,0.7555555555555555,0.24444444444444444
1298,0.0,0.9222222222222223,0.07777777777777778
3131,0.0,0.5888888888888889,0.4111111111111111
3679,0.0,1.0,0.0
2538,0.0,0.9333333333333333,0.06666666666666667
3129,0.0,0.9888888888888889,0.011111111111111112
229,0.0,0.9888888888888889,0.011111111111111112
1373,0.0,0.8888888888888888,0.1111111111111111
4650,0.0,0.8555555555555555,0.14444444444444443
2654,0.0,0.9,0.1
165,0.0,0.8777777777777778,0.12222222222222222
344,0.0,0.7888888888888889,0.2111111111111111
2903,0.0,0.5888888888888889,0.4111111111111111
2690,0.0,0.9444444444444444,0.05555555555555555
777,0.0,0.7888888888888889,0.2111111111111111
604,0.0,0.8888888888888888,0.1111111111111111
1833,0.0,0.9222222222222223,0.07777777777777778
881,0.0,0.9444444444444444,0.05555555555555555
1719,0.0,0.9333333333333333,0.06666666666666667
3913,0.0,0.8333333333333334,0.16666666666666666
1447,0.0,0.9,0.1
2875,0.0,0.8888888888888888,0.1111111111111111
398,0.0,0.8888888888888888,0.1111111111111111
2534,0.0,0.8444444444444444,0.15555555555555556
2847,0.0,0.7555555555555555,0.24444444444444444
224,0.0,0.9666666666666667,0.03333333333333333
2188,0.0,0.9555555555555556,0.044444444444444446
2536,0.0,0.9555555555555556,0.044444444444444446
3900,1.0,0.25555555555555554,0.7444444444444445
44,0.0,0.9333333333333333,0.06666666666666667
1179,0.0,0.9777777777777777,0.022222222222222223
1844,0.0,0.9555555555555556,0.044444444444444446
4823,0.0,0.9666666666666667,0.03333333333333333
2408,0.0,0.9666666666666667,0.03333333333333333
2259,0.0,1.0,0.0
4023,0.0,0.9555555555555556,0.044444444444444446
226,0.0,0.9888888888888889,0.011111111111111112
3269,0.0,0.8777777777777778,0.12222222222222222
4745,0.0,0.9888888888888889,0.011111111111111112
3028,0.0,1.0,0.0
3818,0.0,0.8444444444444444,0.15555555555555556
1494,0.0,0.9888888888888889,0.011111111111111112
121,1.0,0.4888888888888889,0.5111111111111111
3236,0.0,0.9888888888888889,0.011111111111111112
2619,0.0,0.9444444444444444,0.05555555555555555
718,0.0,0.9555555555555556,0.044444444444444446
2647,0.0,0.9888888888888889,0.011111111111111112
3399,1.0,0.3111111111111111,0.6888888888888889
262,0.0,0.9444444444444444,0.05555555555555555
3342,1.0,0.044444444444444446,0.9555555555555556
751,0.0,0.5,0.5
2103,0.0,1.0,0.0
420,0.0,1.0,0.0
2736,0.0,0.9444444444444444,0.05555555555555555
2211,0.0,0.9888888888888889,0.011111111111111112
4705,1.0,0.37777777777777777,0.6222222222222222
2910,0.0,0.8888888888888888,0.1111111111111111
4372,1.0,0.37777777777777777,0.6222222222222222
782,0.0,0.7333333333333333,0.26666666666666666
2562,0.0,0.9333333333333333,0.06666666666666667
1072,0.0,0.6,0.4
2033,0.0,1.0,0.0
2073,0.0,0.9111111111111111,0.08888888888888889
2216,0.0,0.9777777777777777,0.022222222222222223
3530,0.0,0.9555555555555556,0.044444444444444446
3126,0.0,0.9111111111111111,0.08888888888888889
4757,0.0,0.9555555555555556,0.044444444444444446
4955,0.0,0.7,0.3
2032,0.0,0.9555555555555556,0.044444444444444446
4764,0.0,0.9666666666666667,0.03333333333333333
2127,0.0,0.9555555555555556,0.044444444444444446
3570,0.0,0.9888888888888889,0.011111111111111112
606,0.0,1.0,0.0
474,1.0,0.34444444444444444,0.6555555555555556
2202,0.0,0.9666666666666667,0.03333333333333333
3833,0.0,0.8777777777777778,0.12222222222222222
909,0.0,0.9777777777777777,0.022222222222222223
2915,0.0,1.0,0.0
10,0.0,0.9666666666666667,0.03333333333333333
3092,0.0,0.8,0.2
2617,0.0,0.9111111111111111,0.08888888888888889
3143,0.0,1.0,0.0
511,0.0,0.8777777777777778,0.12222222222222222
2229,0.0,0.9777777777777777,0.022222222222222223
4288,1.0,0.14444444444444443,0.8555555555555555
4285,0.0,0.9666666666666667,0.03333333333333333
3958,0.0,0.9777777777777777,0.022222222222222223
2143,1.0,0.45555555555555555,0.5444444444444444
2580,0.0,0.8666666666666667,0.13333333333333333
4473,0.0,0.8666666666666667,0.13333333333333333
4447,0.0,0.9,0.1
541,0.0,0.9111111111111111,0.08888888888888889
2221,0.0,0.9555555555555556,0.044444444444444446
1391,0.0,0.8666666666666667,0.13333333333333333
2750,1.0,0.15555555555555556,0.8444444444444444
2615,0.0,0.8888888888888888,0.1111111111111111
4961,1.0,0.3111111111111111,0.6888888888888889
2772,0.0,0.9444444444444444,0.05555555555555555
2588,1.0,0.17777777777777778,0.8222222222222222
409,0.0,0.9777777777777777,0.022222222222222223
2516,0.0,0.9888888888888889,0.011111111111111112
977,0.0,0.9777777777777777,0.022222222222222223
4284,0.0,0.9,0.1
3486,0.0,0.9777777777777777,0.022222222222222223
1559,1.0,0.1111111111111111,0.8888888888888888
1363,0.0,0.9777777777777777,0.022222222222222223
178,1.0,0.18888888888888888,0.8111111111111111
3841,0.0,0.9111111111111111,0.08888888888888889
842,0.0,0.9666666666666667,0.03333333333333333
3680,0.0,0.9888888888888889,0.011111111111111112
1563,0.0,0.9888888888888889,0.011111111111111112
149,0.0,0.9555555555555556,0.044444444444444446
3159,1.0,0.32222222222222224,0.6777777777777778
4596,0.0,0.8222222222222222,0.17777777777777778
644,0.0,0.7666666666666667,0.23333333333333334
960,0.0,0.8888888888888888,0.1111111111111111
3202,0.0,0.8333333333333334,0.16666666666666666
3145,0.0,0.9777777777777777,0.022222222222222223
2620,0.0,0.9666666666666667,0.03333333333333333
1668,0.0,0.9888888888888889,0.011111111111111112
431,0.0,0.9888888888888889,0.011111111111111112
3766,0.0,0.9111111111111111,0.08888888888888889
582,0.0,0.9777777777777777,0.022222222222222223
4610,0.0,0.9888888888888889,0.011111111111111112
1760,0.0,0.9777777777777777,0.022222222222222223
384,0.0,1.0,0.0
641,0.0,0.6333333333333333,0.36666666666666664
2189,0.0,0.7555555555555555,0.24444444444444444
2967,0.0,0.9888888888888889,0.011111111111111112
614,0.0,0.8222222222222222,0.17777777777777778
3852,0.0,0.9222222222222223,0.07777777777777778
134,0.0,0.9444444444444444,0.05555555555555555
2805,0.0,1.0,0.0
992,0.0,0.9555555555555556,0.044444444444444446
2243,1.0,0.08888888888888889,0.9111111111111111
2488,0.0,0.8111111111111111,0.18888888888888888
1192,0.0,0.9444444444444444,0.05555555555555555
1175,0.0,0.9444444444444444,0.05555555555555555
650,0.0,0.8111111111111111,0.18888888888888888
4637,0.0,0.9666666666666667,0.03333333333333333
3899,0.0,0.6555555555555556,0.34444444444444444
1366,0.0,1.0,0.0
1592,0.0,0.6777777777777778,0.32222222222222224
4706,0.0,0.9,0.1
1342,0.0,0.9555555555555556,0.044444444444444446
48,0.0,0.7,0.3
4885,0.0,0.8666666666666667,0.13333333333333333
4177,1.0,0.36666666666666664,0.6333333333333333
4055,0.0,0.9111111111111111,0.08888888888888889
1750,0.0,0.9666666666666667,0.03333333333333333
1012,0.0,0.9555555555555556,0.044444444444444446
2413,0.0,0.9555555555555556,0.044444444444444446
2451,0.0,0.5,0.5
4703,0.0,0.9222222222222223,0.07777777777777778
270,0.0,0.8777777777777778,0.12222222222222222
4649,0.0,0.8666666666666667,0.13333333333333333
2502,0.0,0.9777777777777777,0.022222222222222223
2038,0.0,0.9111111111111111,0.08888888888888889
2942,0.0,0.9888888888888889,0.011111111111111112
4479,0.0,0.8666666666666667,0.13333333333333333
2726,1.0,0.2111111111111111,0.7888888888888889
4903,0.0,0.9777777777777777,0.022222222222222223
443,0.0,0.8555555555555555,0.14444444444444443
1239,0.0,0.9777777777777777,0.022222222222222223
1290,0.0,1.0,0.0
4071,0.0,0.7,0.3
3941,0.0,0.9333333333333333,0.06666666666666667
3999,0.0,0.9777777777777777,0.022222222222222223
2773,0.0,0.9666666666666667,0.03333333333333333
1955,0.0,0.9444444444444444,0.05555555555555555
1357,0.0,0.8777777777777778,0.12222222222222222
2439,0.0,0.9111111111111111,0.08888888888888889
3583,0.0,0.8777777777777778,0.12222222222222222
4228,0.0,0.8888888888888888,0.1111111111111111
4732,0.0,1.0,0.0
3560,0.0,0.9777777777777777,0.022222222222222223
4497,0.0,0.9888888888888889,0.011111111111111112
1328,0.0,0.9666666666666667,0.03333333333333333
2688,0.0,0.9111111111111111,0.08888888888888889
810,0.0,0.9222222222222223,0.07777777777777778
2661,0.0,0.9444444444444444,0.05555555555555555
4599,0.0,0.8111111111111111,0.18888888888888888
1146,0.0,0.9555555555555556,0.044444444444444446
1228,0.0,0.9666666666666667,0.03333333333333333
2222,0.0,0.9888888888888889,0.011111111111111112
3927,0.0,0.9555555555555556,0.044444444444444446
548,0.0,0.9222222222222223,0.07777777777777778
2684,0.0,0.9555555555555556,0.044444444444444446
115,0.0,0.9444444444444444,0.05555555555555555
2441,0.0,1.0,0.0
946,0.0,0.9111111111111111,0.08888888888888889
1504,0.0,0.9777777777777777,0.022222222222222223
2236,0.0,0.9111111111111111,0.08888888888888889
1729,0.0,0.9555555555555556,0.044444444444444446
3992,0.0,0.8111111111111111,0.18888888888888888
2853,1.0,0.4777777777777778,0.5222222222222223
405,0.0,0.8666666666666667,0.13333333333333333
727,0.0,0.7444444444444445,0.25555555555555554
1817,0.0,0.8555555555555555,0.14444444444444443
3340,0.0,0.9777777777777777,0.022222222222222223
4491,0.0,0.9444444444444444,0.05555555555555555
153,0.0,0.9444444444444444,0.05555555555555555
4156,0.0,0.9666666666666667,0.03333333333333333
292,0.0,0.8555555555555555,0.14444444444444443
4277,0.0,0.9111111111111111,0.08888888888888889
4166,0.0,0.8666666666666667,0.13333333333333333
3220,0.0,1.0,0.0
1144,0.0,0.9555555555555556,0.044444444444444446
3962,0.0,0.9222222222222223,0.07777777777777778
205,1.0,0.4666666666666667,0.5333333333333333
4548,0.0,0.9888888888888889,0.011111111111111112
1023,0.0,0.6666666666666666,0.3333333333333333
1587,0.0,1.0,0.0
3535,0.0,0.9888888888888889,0.011111111111111112
428,1.0,0.45555555555555555,0.5444444444444444
15,0.0,0.7666666666666667,0.23333333333333334
4108,0.0,0.9333333333333333,0.06666666666666667
3421,0.0,0.9444444444444444,0.05555555555555555
2575,0.0,0.9,0.1
2959,0.0,0.7555555555555555,0.24444444444444444
3577,0.0,0.9222222222222223,0.07777777777777778
888,0.0,0.9555555555555556,0.044444444444444446
1895,0.0,0.7444444444444445,0.25555555555555554
2759,0.0,0.8333333333333334,0.16666666666666666
883,0.0,0.9,0.1
1551,1.0,0.14444444444444443,0.8555555555555555
4561,0.0,0.9444444444444444,0.05555555555555555
917,0.0,0.9444444444444444,0.05555555555555555
2572,0.0,0.9333333333333333,0.06666666666666667
2458,0.0,0.6555555555555556,0.34444444444444444
3456,0.0,0.9777777777777777,0.022222222222222223
2712,0.0,0.8333333333333334,0.16666666666666666
4866,0.0,0.9,0.1
3280,0.0,0.9888888888888889,0.011111111111111112
1911,0.0,0.7222222222222222,0.2777777777777778
3905,0.0,0.9,0.1
3127,0.0,0.9777777777777777,0.022222222222222223
1958,0.0,0.9666666666666667,0.03333333333333333
1067,0.0,0.9555555555555556,0.044444444444444446
4127,0.0,0.8222222222222222,0.17777777777777778
1813,0.0,0.9555555555555556,0.044444444444444446
4343,0.0,0.8,0.2
1695,0.0,0.9555555555555556,0.044444444444444446
3164,0.0,0.9666666666666667,0.03333333333333333
4849,0.0,1.0,0.0
4246,0.0,0.9666666666666667,0.03333333333333333
4263,0.0,0.9,0.1
679,0.0,0.9111111111111111,0.08888888888888889
3282,0.0,0.9555555555555556,0.044444444444444446
1730,0.0,0.9666666666666667,0.03333333333333333
1881,0.0,0.9333333333333333,0.06666666666666667
1915,0.0,0.9777777777777777,0.022222222222222223
2423,0.0,0.9444444444444444,0.05555555555555555
795,0.0,0.9666666666666667,0.03333333333333333
114,0.0,0.9555555555555556,0.044444444444444446
3197,0.0,0.9888888888888889,0.011111111111111112
2743,0.0,1.0,0.0
1313,0.0,0.8333333333333334,0.16666666666666666
4677,0.0,0.9888888888888889,0.011111111111111112
1168,0.0,0.9888888888888889,0.011111111111111112
3915,1.0,0.4,0.6
952,0.0,0.5444444444444444,0.45555555555555555
453,1.0,0.13333333333333333,0.8666666666666667
242,0.0,0.9333333333333333,0.06666666666666667
2144,0.0,0.8888888888888888,0.1111111111111111
3963,0.0,0.9777777777777777,0.022222222222222223
1412,0.0,0.9666666666666667,0.03333333333333333
2768,0.0,0.8333333333333334,0.16666666666666666
1464,0.0,0.6555555555555556,0.34444444444444444
4818,0.0,0.9888888888888889,0.011111111111111112
3348,0.0,0.9777777777777777,0.022222222222222223
2838,0.0,0.9444444444444444,0.05555555555555555
2105,1.0,0.35555555555555557,0.6444444444444445
2110,0.0,0.8222222222222222,0.17777777777777778
3695,0.0,0.9333333333333333,0.06666666666666667
2070,0.0,0.9666666666666667,0.03333333333333333
1548,0.0,0.7666666666666667,0.23333333333333334
1671,0.0,0.9777777777777777,0.022222222222222223
801,0.0,0.9111111111111111,0.08888888888888889
1610,0.0,0.9666666666666667,0.03333333333333333
3070,0.0,0.9777777777777777,0.022222222222222223
4428,0.0,1.0,0.0
4315,0.0,0.7888888888888889,0.2111111111111111
2483,0.0,0.9888888888888889,0.011111111111111112
4797,0.0,0.8888888888888888,0.1111111111111111
4368,0.0,0.9333333333333333,0.06666666666666667
295,0.0,1.0,0.0
4451,0.0,0.9555555555555556,0.044444444444444446
2775,0.0,0.9111111111111111,0.08888888888888889
3103,0.0,0.8888888888888888,0.1111111111111111
1104,0.0,0.9666666666666667,0.03333333333333333
3824,1.0,0.15555555555555556,0.8444444444444444
4251,1.0,0.35555555555555557,0.6444444444444445
304,0.0,1.0,0.0
1565,0.0,0.9888888888888889,0.011111111111111112
2885,0.0,0.9,0.1
902,0.0,0.7777777777777778,0.2222222222222222
2791,0.0,1.0,0.0
3040,0.0,0.9666666666666667,0.03333333333333333
1798,0.0,0.9555555555555556,0.044444444444444446
1614,0.0,0.7444444444444445,0.25555555555555554
3505,0.0,0.9444444444444444,0.05555555555555555
3662,0.0,0.9888888888888889,0.011111111111111112
4492,0.0,0.9888888888888889,0.011111111111111112
1100,0.0,1.0,0.0
1530,0.0,0.9777777777777777,0.022222222222222223
772,0.0,1.0,0.0
1960,0.0,0.7666666666666667,0.23333333333333334
3082,0.0,0.8888888888888888,0.1111111111111111
1461,1.0,0.2222222222222222,0.7777777777777778
878,0.0,0.9777777777777777,0.022222222222222223
2176,0.0,0.8888888888888888,0.1111111111111111
2777,0.0,0.8333333333333334,0.16666666666666666
4493,0.0,0.9888888888888889,0.011111111111111112
4205,0.0,0.6333333333333333,0.36666666666666664
786,1.0,0.044444444444444446,0.9555555555555556
4302,1.0,0.07777777777777778,0.9222222222222223
2512,0.0,0.9,0.1
1939,0.0,1.0,0.0
1230,0.0,0.9888888888888889,0.011111111111111112
4652,0.0,0.9111111111111111,0.08888888888888889
1140,0.0,0.9555555555555556,0.044444444444444446
334,0.0,0.9444444444444444,0.05555555555555555
1799,1.0,0.1,0.9
2364,0.0,0.9444444444444444,0.05555555555555555
1983,0.0,0.8777777777777778,0.12222222222222222
3702,0.0,1.0,0.0
457,0.0,0.9555555555555556,0.044444444444444446
3123,0.0,0.9888888888888889,0.011111111111111112
1466,0.0,0.9777777777777777,0.022222222222222223
3335,0.0,0.9333333333333333,0.06666666666666667
613,0.0,0.9666666666666667,0.03333333333333333
4082,0.0,0.9888888888888889,0.011111111111111112
1002,0.0,0.7555555555555555,0.24444444444444444
1478,0.0,0.9888888888888889,0.011111111111111112
447,0.0,0.9555555555555556,0.044444444444444446
4738,1.0,0.1,0.9
3805,0.0,0.9111111111111111,0.08888888888888889
4605,0.0,0.9777777777777777,0.022222222222222223
1736,0.0,0.9666666666666667,0.03333333333333333
3978,0.0,0.9777777777777777,0.022222222222222223
3525,0.0,0.9777777777777777,0.022222222222222223
3956,0.0,1.0,0.0
1688,0.0,0.8222222222222222,0.17777777777777778
2804,0.0,0.9777777777777777,0.022222222222222223
994,0.0,0.9444444444444444,0.05555555555555555
434,0.0,0.8,0.2
4631,0.0,0.8666666666666667,0.13333333333333333
635,0.0,1.0,0.0
4746,0.0,0.9222222222222223,0.07777777777777778
2061,0.0,0.8666666666666667,0.13333333333333333
789,0.0,0.9111111111111111,0.08888888888888889
355,1.0,0.45555555555555555,0.5444444444444444
3372,0.0,0.8777777777777778,0.12222222222222222
3458,0.0,1.0,0.0
2729,0.0,0.9777777777777777,0.022222222222222223
4393,0.0,0.9555555555555556,0.044444444444444446
4341,0.0,1.0,0.0
3487,0.0,0.9777777777777777,0.022222222222222223
4778,1.0,0.2111111111111111,0.7888888888888889
3994,0.0,0.9888888888888889,0.011111111111111112
1024,0.0,0.9777777777777777,0.022222222222222223
4496,0.0,1.0,0.0
3588,0.0,0.8555555555555555,0.14444444444444443
4475,0.0,0.8111111111111111,0.18888888888888888
4259,0.0,0.8555555555555555,0.14444444444444443
4759,0.0,0.9333333333333333,0.06666666666666667
1152,0.0,0.7666666666666667,0.23333333333333334
2525,0.0,0.8222222222222222,0.17777777777777778
926,0.0,0.8555555555555555,0.14444444444444443
4515,1.0,0.05555555555555555,0.9444444444444444
1049,0.0,0.9555555555555556,0.044444444444444446
127,0.0,1.0,0.0
101,0.0,0.9666666666666667,0.03333333333333333
4922,0.0,0.6666666666666666,0.3333333333333333
4160,0.0,0.9222222222222223,0.07777777777777778
2928,0.0,0.9777777777777777,0.022222222222222223
1343,0.0,0.8444444444444444,0.15555555555555556
4186,0.0,0.7333333333333333,0.26666666666666666
2336,0.0,0.7333333333333333,0.26666666666666666
4369,0.0,0.8,0.2
2471,0.0,0.9777777777777777,0.022222222222222223
3977,0.0,0.9333333333333333,0.06666666666666667
828,1.0,0.14444444444444443,0.8555555555555555
3076,0.0,0.9222222222222223,0.07777777777777778
1347,0.0,0.9333333333333333,0.06666666666666667
2719,0.0,1.0,0.0
4719,0.0,0.9444444444444444,0.05555555555555555
1367,0.0,0.9555555555555556,0.044444444444444446
3261,1.0,0.12222222222222222,0.8777777777777778
4358,0.0,1.0,0.0
3840,1.0,0.37777777777777777,0.6222222222222222
4831,0.0,0.7777777777777778,0.2222222222222222
1318,0.0,1.0,0.0
2553,0.0,0.9777777777777777,0.022222222222222223
2737,0.0,0.9222222222222223,0.07777777777777778
1062,0.0,0.8444444444444444,0.15555555555555556
454,0.0,0.9777777777777777,0.022222222222222223
65,1.0,0.08888888888888889,0.9111111111111111
4382,0.0,0.6777777777777778,0.32222222222222224
4058,0.0,0.9888888888888889,0.011111111111111112
119,0.0,1.0,0.0
1673,0.0,1.0,0.0
2119,0.0,0.5111111111111111,0.4888888888888889
670,0.0,0.9666666666666667,0.03333333333333333
545,0.0,0.8888888888888888,0.1111111111111111
4426,0.0,0.9777777777777777,0.022222222222222223
1430,0.0,0.9888888888888889,0.011111111111111112
212,0.0,0.9222222222222223,0.07777777777777778
1727,1.0,0.08888888888888889,0.9111111111111111
2128,0.0,0.9333333333333333,0.06666666666666667
1616,0.0,0.7333333333333333,0.26666666666666666
4419,0.0,0.9444444444444444,0.05555555555555555
982,0.0,0.9111111111111111,0.08888888888888889
1352,0.0,0.9111111111111111,0.08888888888888889
3416,0.0,0.9333333333333333,0.06666666666666667
678,0.0,0.9777777777777777,0.022222222222222223
2766,0.0,0.8777777777777778,0.12222222222222222
4103,0.0,0.9888888888888889,0.011111111111111112
4501,0.0,0.9111111111111111,0.08888888888888889
4617,0.0,0.9777777777777777,0.022222222222222223
4398,0.0,0.9444444444444444,0.05555555555555555
3921,0.0,0.9666666666666667,0.03333333333333333
4286,0.0,0.9888888888888889,0.011111111111111112
1214,0.0,0.9222222222222223,0.07777777777777778
983,1.0,0.2,0.8
2622,0.0,0.9333333333333333,0.06666666666666667
216,0.0,0.9888888888888889,0.011111111111111112
42,0.0,0.8888888888888888,0.1111111111111111
2857,1.0,0.12222222222222222,0.8777777777777778
1263,0.0,0.6111111111111112,0.3888888888888889
3235,0.0,0.8333333333333334,0.16666666666666666
4558,0.0,0.9555555555555556,0.044444444444444446
2235,0.0,0.9444444444444444,0.05555555555555555
4897,0.0,0.9333333333333333,0.06666666666666667
3663,0.0,1.0,0.0
4100,0.0,0.9,0.1
3343,0.0,0.9777777777777777,0.022222222222222223
3489,0.0,0.9888888888888889,0.011111111111111112
4001,0.0,0.9666666666666667,0.03333333333333333
4360,0.0,0.7333333333333333,0.26666666666666666
4647,0.0,0.9888888888888889,0.011111111111111112
4714,0.0,0.8888888888888888,0.1111111111111111
2924,0.0,0.9888888888888889,0.011111111111111112
3056,0.0,0.9555555555555556,0.044444444444444446
4832,0.0,0.9777777777777777,0.022222222222222223
1134,0.0,0.9888888888888889,0.011111111111111112
1125,0.0,0.9333333333333333,0.06666666666666667
3644,0.0,0.8777777777777778,0.12222222222222222
4615,0.0,0.9555555555555556,0.044444444444444446
2037,0.0,1.0,0.0
3074,0.0,0.9555555555555556,0.044444444444444446
4680,0.0,0.5111111111111111,0.4888888888888889
4667,0.0,0.9777777777777777,0.022222222222222223
69,0.0,0.9666666666666667,0.03333333333333333
901,0.0,0.9777777777777777,0.022222222222222223
4542,0.0,0.9666666666666667,0.03333333333333333
3083,0.0,0.9888888888888889,0.011111111111111112
3140,0.0,0.9555555555555556,0.044444444444444446
3377,0.0,0.9888888888888889,0.011111111111111112
4830,0.0,0.9666666666666667,0.03333333333333333
394,0.0,0.6888888888888889,0.3111111111111111
542,0.0,1.0,0.0
306,0.0,0.9444444444444444,0.05555555555555555
1101,0.0,0.6111111111111112,0.3888888888888889
3976,0.0,0.8555555555555555,0.14444444444444443
2581,1.0,0.1111111111111111,0.8888888888888888
4614,0.0,0.9666666666666667,0.03333333333333333
3012,0.0,0.9444444444444444,0.05555555555555555
3201,0.0,0.9777777777777777,0.022222222222222223
222,0.0,0.9666666666666667,0.03333333333333333
3849,0.0,0.9888888888888889,0.011111111111111112
3212,0.0,0.9333333333333333,0.06666666666666667
3316,0.0,0.9444444444444444,0.05555555555555555
314,0.0,0.9222222222222223,0.07777777777777778
1176,0.0,0.9666666666666667,0.03333333333333333
2069,0.0,0.9555555555555556,0.044444444444444446
2433,0.0,0.5444444444444444,0.45555555555555555
1089,0.0,1.0,0.0
4736,0.0,0.9888888888888889,0.011111111111111112
4965,0.0,0.8666666666666667,0.13333333333333333
2782,0.0,1.0,0.0
1047,0.0,0.8,0.2
167,0.0,0.9888888888888889,0.011111111111111112
4733,0.0,0.8888888888888888,0.1111111111111111
4467,0.0,0.8777777777777778,0.12222222222222222
506,0.0,0.9888888888888889,0.011111111111111112
3595,1.0,0.1111111111111111,0.8888888888888888
4226,1.0,0.022222222222222223,0.9777777777777777
845,1.0,0.05555555555555555,0.9444444444444444
3743,0.0,0.9111111111111111,0.08888888888888889
4543,0.0,0.9,0.1
3174,0.0,0.7777777777777778,0.2222222222222222
485,0.0,0.9777777777777777,0.022222222222222223
1284,0.0,0.9555555555555556,0.044444444444444446
3281,0.0,1.0,0.0
2776,0.0,0.9888888888888889,0.011111111111111112
4537,0.0,0.9444444444444444,0.05555555555555555
4506,0.0,0.7555555555555555,0.24444444444444444
919,0.0,0.9111111111111111,0.08888888888888889
4317,0.0,0.8333333333333334,0.16666666666666666
1133,0.0,0.7555555555555555,0.24444444444444444
4889,0.0,0.9777777777777777,0.022222222222222223
1658,0.0,0.9888888888888889,0.011111111111111112
1070,0.0,0.9444444444444444,0.05555555555555555
2375,0.0,0.9666666666666667,0.03333333333333333
2004,0.0,0.9888888888888889,0.011111111111111112
425,0.0,0.9888888888888889,0.011111111111111112
4304,0.0,0.9888888888888889,0.011111111111111112
3413,0.0,0.9444444444444444,0.05555555555555555
3222,0.0,0.9888888888888889,0.011111111111111112
2891,0.0,0.9,0.1
117,0.0,1.0,0.0
1855,0.0,0.9444444444444444,0.05555555555555555
4950,0.0,0.8333333333333334,0.16666666666666666
2842,0.0,0.8777777777777778,0.12222222222222222
1973,0.0,0.9333333333333333,0.06666666666666667
2382,0.0,0.9555555555555556,0.044444444444444446
2277,0.0,1.0,0.0
3320,0.0,0.9777777777777777,0.022222222222222223
3107,0.0,0.9777777777777777,0.022222222222222223
2266,0.0,0.8888888888888888,0.1111111111111111
4578,0.0,1.0,0.0
891,0.0,0.9777777777777777,0.022222222222222223
4252,0.0,0.9888888888888889,0.011111111111111112
3911,1.0,0.06666666666666667,0.9333333333333333
945,0.0,1.0,0.0
463,0.0,0.9666666666666667,0.03333333333333333
559,0.0,0.9,0.1
3667,0.0,0.9444444444444444,0.05555555555555555
3180,0.0,0.8555555555555555,0.14444444444444443
4864,0.0,0.9777777777777777,0.022222222222222223
1698,0.0,0.9888888888888889,0.011111111111111112
2612,0.0,0.8,0.2
3612,1.0,0.34444444444444444,0.6555555555555556
2629,0.0,0.9888888888888889,0.011111111111111112
3072,0.0,0.8888888888888888,0.1111111111111111
2717,0.0,0.9888888888888889,0.011111111111111112
4568,0.0,0.9777777777777777,0.022222222222222223
4670,0.0,0.8888888888888888,0.1111111111111111
4522,1.0,0.1,0.9
996,1.0,0.14444444444444443,0.8555555555555555
496,0.0,0.9888888888888889,0.011111111111111112
